"filename", "language", "YAML", "Docker", "Shell Script", "Markdown", "JSON with Comments", "TypeScript", "TypeScript JSX", "JavaScript", "JSON", "PostCSS", "Python", "pip requirements", "Ini", "comment", "blank", "total"
"c:\Projects\3d_Printer_Converter\CascadeProjects\windsurf-project\stl-generator\README.md", "Markdown", 0, 0, 0, 70, 0, 0, 0, 0, 0, 0, 0, 0, 0, 0, 17, 87
"c:\Projects\3d_Printer_Converter\CascadeProjects\windsurf-project\stl-generator\backend\Dockerfile", "Docker", 0, 21, 0, 0, 0, 0, 0, 0, 0, 0, 0, 0, 0, 6, 8, 35
"c:\Projects\3d_Printer_Converter\CascadeProjects\windsurf-project\stl-generator\backend\alembic.ini", "Ini", 0, 0, 0, 0, 0, 0, 0, 0, 0, 0, 0, 0, 86, 0, 22, 108
"c:\Projects\3d_Printer_Converter\CascadeProjects\windsurf-project\stl-generator\backend\alembic\env.py", "Python", 0, 0, 0, 0, 0, 0, 0, 0, 0, 0, 47, 0, 0, 25, 25, 97
"c:\Projects\3d_Printer_Converter\CascadeProjects\windsurf-project\stl-generator\backend\app\__init__.py", "Python", 0, 0, 0, 0, 0, 0, 0, 0, 0, 0, 0, 0, 0, 0, 1, 1
"c:\Projects\3d_Printer_Converter\CascadeProjects\windsurf-project\stl-generator\backend\app\api\v1\api.py", "Python", 0, 0, 0, 0, 0, 0, 0, 0, 0, 0, 7, 0, 0, 0, 4, 11
"c:\Projects\3d_Printer_Converter\CascadeProjects\windsurf-project\stl-generator\backend\app\api\v1\endpoints\__init__.py", "Python", 0, 0, 0, 0, 0, 0, 0, 0, 0, 0, 0, 0, 0, 0, 1, 1
"c:\Projects\3d_Printer_Converter\CascadeProjects\windsurf-project\stl-generator\backend\app\api\v1\endpoints\artifacts.py", "Python", 0, 0, 0, 0, 0, 0, 0, 0, 0, 0, 50, 0, 0, 5, 11, 66
"c:\Projects\3d_Printer_Converter\CascadeProjects\windsurf-project\stl-generator\backend\app\api\v1\endpoints\jobs.py", "Python", 0, 0, 0, 0, 0, 0, 0, 0, 0, 0, 160, 0, 0, 14, 37, 211
"c:\Projects\3d_Printer_Converter\CascadeProjects\windsurf-project\stl-generator\backend\app\api\v1\endpoints\projects.py", "Python", 0, 0, 0, 0, 0, 0, 0, 0, 0, 0, 89, 0, 0, 5, 16, 110
"c:\Projects\3d_Printer_Converter\CascadeProjects\windsurf-project\stl-generator\backend\app\api\v1\endpoints\uploads.py", "Python", 0, 0, 0, 0, 0, 0, 0, 0, 0, 0, 125, 0, 0, 20, 27, 172
"c:\Projects\3d_Printer_Converter\CascadeProjects\windsurf-project\stl-generator\backend\app\core\config.py", "Python", 0, 0, 0, 0, 0, 0, 0, 0, 0, 0, 47, 0, 0, 8, 17, 72
"c:\Projects\3d_Printer_Converter\CascadeProjects\windsurf-project\stl-generator\backend\app\db\database.py", "Python", 0, 0, 0, 0, 0, 0, 0, 0, 0, 0, 19, 0, 0, 1, 7, 27
"c:\Projects\3d_Printer_Converter\CascadeProjects\windsurf-project\stl-generator\backend\app\main.py", "Python", 0, 0, 0, 0, 0, 0, 0, 0, 0, 0, 33, 0, 0, 5, 13, 51
"c:\Projects\3d_Printer_Converter\CascadeProjects\windsurf-project\stl-generator\backend\app\models\__init__.py", "Python", 0, 0, 0, 0, 0, 0, 0, 0, 0, 0, 18, 0, 0, 0, 2, 20
"c:\Projects\3d_Printer_Converter\CascadeProjects\windsurf-project\stl-generator\backend\app\models\artifact.py", "Python", 0, 0, 0, 0, 0, 0, 0, 0, 0, 0, 54, 0, 0, 9, 16, 79
"c:\Projects\3d_Printer_Converter\CascadeProjects\windsurf-project\stl-generator\backend\app\models\base.py", "Python", 0, 0, 0, 0, 0, 0, 0, 0, 0, 0, 23, 0, 0, 0, 7, 30
"c:\Projects\3d_Printer_Converter\CascadeProjects\windsurf-project\stl-generator\backend\app\models\job.py", "Python", 0, 0, 0, 0, 0, 0, 0, 0, 0, 0, 74, 0, 0, 7, 17, 98
"c:\Projects\3d_Printer_Converter\CascadeProjects\windsurf-project\stl-generator\backend\app\models\model_preset.py", "Python", 0, 0, 0, 0, 0, 0, 0, 0, 0, 0, 36, 0, 0, 2, 16, 54
"c:\Projects\3d_Printer_Converter\CascadeProjects\windsurf-project\stl-generator\backend\app\models\printer_profile.py", "Python", 0, 0, 0, 0, 0, 0, 0, 0, 0, 0, 16, 0, 0, 1, 7, 24
"c:\Projects\3d_Printer_Converter\CascadeProjects\windsurf-project\stl-generator\backend\app\models\project.py", "Python", 0, 0, 0, 0, 0, 0, 0, 0, 0, 0, 18, 0, 0, 1, 6, 25
"c:\Projects\3d_Printer_Converter\CascadeProjects\windsurf-project\stl-generator\backend\app\models\validation.py", "Python", 0, 0, 0, 0, 0, 0, 0, 0, 0, 0, 48, 0, 0, 5, 19, 72
"c:\Projects\3d_Printer_Converter\CascadeProjects\windsurf-project\stl-generator\backend\app\schemas\artifact.py", "Python", 0, 0, 0, 0, 0, 0, 0, 0, 0, 0, 26, 0, 0, 0, 8, 34
"c:\Projects\3d_Printer_Converter\CascadeProjects\windsurf-project\stl-generator\backend\app\schemas\job.py", "Python", 0, 0, 0, 0, 0, 0, 0, 0, 0, 0, 40, 0, 0, 0, 14, 54
"c:\Projects\3d_Printer_Converter\CascadeProjects\windsurf-project\stl-generator\backend\app\schemas\project.py", "Python", 0, 0, 0, 0, 0, 0, 0, 0, 0, 0, 18, 0, 0, 0, 10, 28
"c:\Projects\3d_Printer_Converter\CascadeProjects\windsurf-project\stl-generator\backend\app\schemas\upload.py", "Python", 0, 0, 0, 0, 0, 0, 0, 0, 0, 0, 19, 0, 0, 0, 9, 28
"c:\Projects\3d_Printer_Converter\CascadeProjects\windsurf-project\stl-generator\backend\app\services\__init__.py", "Python", 0, 0, 0, 0, 0, 0, 0, 0, 0, 0, 2, 0, 0, 0, 2, 4
"c:\Projects\3d_Printer_Converter\CascadeProjects\windsurf-project\stl-generator\backend\app\services\local_storage.py", "Python", 0, 0, 0, 0, 0, 0, 0, 0, 0, 0, 47, 0, 0, 37, 25, 109
"c:\Projects\3d_Printer_Converter\CascadeProjects\windsurf-project\stl-generator\backend\app\services\local_worker.py", "Python", 0, 0, 0, 0, 0, 0, 0, 0, 0, 0, 192, 0, 0, 49, 42, 283
"c:\Projects\3d_Printer_Converter\CascadeProjects\windsurf-project\stl-generator\backend\app\workers\relief_pipeline.py", "Python", 0, 0, 0, 0, 0, 0, 0, 0, 0, 0, 270, 0, 0, 56, 66, 392
"c:\Projects\3d_Printer_Converter\CascadeProjects\windsurf-project\stl-generator\backend\package-lock.json", "JSON", 0, 0, 0, 0, 0, 0, 0, 0, 6, 0, 0, 0, 0, 0, 1, 7
"c:\Projects\3d_Printer_Converter\CascadeProjects\windsurf-project\stl-generator\backend\requirements.txt", "pip requirements", 0, 0, 0, 0, 0, 0, 0, 0, 0, 0, 0, 25, 0, 9, 9, 43
"c:\Projects\3d_Printer_Converter\CascadeProjects\windsurf-project\stl-generator\backend\scripts\init_db.py", "Python", 0, 0, 0, 0, 0, 0, 0, 0, 0, 0, 82, 0, 0, 6, 15, 103
"c:\Projects\3d_Printer_Converter\CascadeProjects\windsurf-project\stl-generator\docker-compose.yml", "YAML", 42, 0, 0, 0, 0, 0, 0, 0, 0, 0, 0, 0, 0, 0, 6, 48
"c:\Projects\3d_Printer_Converter\CascadeProjects\windsurf-project\stl-generator\frontend\Dockerfile", "Docker", 0, 21, 0, 0, 0, 0, 0, 0, 0, 0, 0, 0, 0, 0, 10, 31
"c:\Projects\3d_Printer_Converter\CascadeProjects\windsurf-project\stl-generator\frontend\next-env.d.ts", "TypeScript", 0, 0, 0, 0, 0, 0, 0, 0, 0, 0, 0, 0, 0, 4, 2, 6
"c:\Projects\3d_Printer_Converter\CascadeProjects\windsurf-project\stl-generator\frontend\next.config.js", "JavaScript", 0, 0, 0, 0, 0, 0, 0, 12, 0, 0, 0, 0, 0, 1, 2, 15
"c:\Projects\3d_Printer_Converter\CascadeProjects\windsurf-project\stl-generator\frontend\package-lock.json", "JSON", 0, 0, 0, 0, 0, 0, 0, 0, 7564, 0, 0, 0, 0, 0, 1, 7565
"c:\Projects\3d_Printer_Converter\CascadeProjects\windsurf-project\stl-generator\frontend\package.json", "JSON", 0, 0, 0, 0, 0, 0, 0, 0, 46, 0, 0, 0, 0, 0, 1, 47
"c:\Projects\3d_Printer_Converter\CascadeProjects\windsurf-project\stl-generator\frontend\postcss.config.js", "JavaScript", 0, 0, 0, 0, 0, 0, 0, 6, 0, 0, 0, 0, 0, 0, 1, 7
"c:\Projects\3d_Printer_Converter\CascadeProjects\windsurf-project\stl-generator\frontend\src\app\globals.css", "PostCSS", 0, 0, 0, 0, 0, 0, 0, 0, 0, 56, 0, 0, 0, 0, 4, 60
"c:\Projects\3d_Printer_Converter\CascadeProjects\windsurf-project\stl-generator\frontend\src\app\layout.tsx", "TypeScript JSX", 0, 0, 0, 0, 0, 0, 22, 0, 0, 0, 0, 0, 0, 0, 4, 26
"c:\Projects\3d_Printer_Converter\CascadeProjects\windsurf-project\stl-generator\frontend\src\app\page.tsx", "TypeScript JSX", 0, 0, 0, 0, 0, 0, 107, 0, 0, 0, 0, 0, 0, 0, 10, 117
"c:\Projects\3d_Printer_Converter\CascadeProjects\windsurf-project\stl-generator\frontend\src\app\projects\[id]\jobs\[jobId]\page.tsx", "TypeScript JSX", 0, 0, 0, 0, 0, 0, 477, 0, 0, 0, 0, 0, 0, 12, 31, 520
"c:\Projects\3d_Printer_Converter\CascadeProjects\windsurf-project\stl-generator\frontend\src\app\projects\[id]\page.tsx", "TypeScript JSX", 0, 0, 0, 0, 0, 0, 209, 0, 0, 0, 0, 0, 0, 0, 16, 225
"c:\Projects\3d_Printer_Converter\CascadeProjects\windsurf-project\stl-generator\frontend\src\app\providers.tsx", "TypeScript JSX", 0, 0, 0, 0, 0, 0, 11, 0, 0, 0, 0, 0, 0, 0, 4, 15
"c:\Projects\3d_Printer_Converter\CascadeProjects\windsurf-project\stl-generator\frontend\src\components\create-job-dialog.tsx", "TypeScript JSX", 0, 0, 0, 0, 0, 0, 139, 0, 0, 0, 0, 0, 0, 0, 11, 150
"c:\Projects\3d_Printer_Converter\CascadeProjects\windsurf-project\stl-generator\frontend\src\components\create-project-dialog.tsx", "TypeScript JSX", 0, 0, 0, 0, 0, 0, 91, 0, 0, 0, 0, 0, 0, 0, 7, 98
"c:\Projects\3d_Printer_Converter\CascadeProjects\windsurf-project\stl-generator\frontend\src\components\project-list.tsx", "TypeScript JSX", 0, 0, 0, 0, 0, 0, 70, 0, 0, 0, 0, 0, 0, 0, 6, 76
"c:\Projects\3d_Printer_Converter\CascadeProjects\windsurf-project\stl-generator\frontend\src\components\stl-viewer.tsx", "TypeScript JSX", 0, 0, 0, 0, 0, 0, 72, 0, 0, 0, 0, 0, 0, 2, 9, 83
"c:\Projects\3d_Printer_Converter\CascadeProjects\windsurf-project\stl-generator\frontend\src\components\ui\button.tsx", "TypeScript JSX", 0, 0, 0, 0, 0, 0, 51, 0, 0, 0, 0, 0, 0, 0, 6, 57
"c:\Projects\3d_Printer_Converter\CascadeProjects\windsurf-project\stl-generator\frontend\src\components\ui\card.tsx", "TypeScript JSX", 0, 0, 0, 0, 0, 0, 71, 0, 0, 0, 0, 0, 0, 0, 9, 80
"c:\Projects\3d_Printer_Converter\CascadeProjects\windsurf-project\stl-generator\frontend\src\components\ui\dialog.tsx", "TypeScript JSX", 0, 0, 0, 0, 0, 0, 109, 0, 0, 0, 0, 0, 0, 0, 14, 123
"c:\Projects\3d_Printer_Converter\CascadeProjects\windsurf-project\stl-generator\frontend\src\components\ui\input.tsx", "TypeScript JSX", 0, 0, 0, 0, 0, 0, 21, 0, 0, 0, 0, 0, 0, 0, 5, 26
"c:\Projects\3d_Printer_Converter\CascadeProjects\windsurf-project\stl-generator\frontend\src\components\ui\label.tsx", "TypeScript JSX", 0, 0, 0, 0, 0, 0, 21, 0, 0, 0, 0, 0, 0, 0, 6, 27
"c:\Projects\3d_Printer_Converter\CascadeProjects\windsurf-project\stl-generator\frontend\src\components\ui\tabs.tsx", "TypeScript JSX", 0, 0, 0, 0, 0, 0, 48, 0, 0, 0, 0, 0, 0, 0, 8, 56
"c:\Projects\3d_Printer_Converter\CascadeProjects\windsurf-project\stl-generator\frontend\src\components\ui\textarea.tsx", "TypeScript JSX", 0, 0, 0, 0, 0, 0, 20, 0, 0, 0, 0, 0, 0, 0, 5, 25
"c:\Projects\3d_Printer_Converter\CascadeProjects\windsurf-project\stl-generator\frontend\src\lib\api.ts", "TypeScript", 0, 0, 0, 0, 0, 165, 0, 0, 0, 0, 0, 0, 0, 1, 10, 176
"c:\Projects\3d_Printer_Converter\CascadeProjects\windsurf-project\stl-generator\frontend\src\lib\utils.ts", "TypeScript", 0, 0, 0, 0, 0, 5, 0, 0, 0, 0, 0, 0, 0, 0, 2, 7
"c:\Projects\3d_Printer_Converter\CascadeProjects\windsurf-project\stl-generator\frontend\tailwind.config.ts", "TypeScript", 0, 0, 0, 0, 0, 78, 0, 0, 0, 0, 0, 0, 0, 0, 2, 80
"c:\Projects\3d_Printer_Converter\CascadeProjects\windsurf-project\stl-generator\frontend\tsconfig.json", "JSON with Comments", 0, 0, 0, 0, 27, 0, 0, 0, 0, 0, 0, 0, 0, 0, 1, 28
"c:\Projects\3d_Printer_Converter\CascadeProjects\windsurf-project\stl-generator\setup.sh", "Shell Script", 0, 0, 37, 0, 0, 0, 0, 0, 0, 0, 0, 0, 0, 3, 11, 51
"Total", "-", 42, 42, 37, 70, 27, 248, 1539, 18, 7616, 56, 1560, 25, 86, 294, 701, 12361